[{
   "korean": "남",
   "hanja": "男",
   "english": "Man",
   "words": [ 
   {
            "korword" : "남성",
            "engword" : "Male"
        }, 
    { 
            "korword" : "남자",
            "engword" : "Man",
            "unlock" : "子"
        }, 
     {
            "korword" : "장남",
            "engword" : "Oldest son"
        }, 
     {
            "korword" : "남동생",
            "engword" : "Younger brother"
        }, 
     {
            "korword" : "남편",
            "engword" : "Husband"
        }, 
     {
            "korword" : "남녀",
            "engword" : "Men and women"
        }]
 },
 {
   "korean": "자",
   "hanja": "子",
   "english": "Person",
   "words": [ 
        {
            "korword" : "남자",
            "engword" : "Man"
        }, 
     {
            "korword" : "여자",
            "engword" : "Woman",
            "unlock" :  "女"
        }, 
     {
            "korword" : "자식",
            "engword" : "Children"
        }, 
     {
            "korword" : "자녀",
            "engword" : "Sons and daughters"
        }, 
     {
            "korword" : "의자",
            "engword" : "Chair"
        }, 
     {
            "korword" : "탁자",
            "engword" : "Table"
        }, 
     {
            "korword" : "모자",
            "engword" : "Hat"
        }]
 },
 {
   "korean": "여",
   "hanja": "女",
   "english": "Woman",
   "words": [ 
        {
            "korword" : "남녀",
            "engword" : "Men and women"
        }, 
     {
            "korword" : "여동생",
            "engword" : "Younger sister"
        }, 
     {
            "korword" : "여자",
            "engword" : "Woman"
        }, 
     {
            "korword" : "여성",
            "engword" : "Female"
        }, 
     {
            "korword" : "여신",
            "engword" : "Goddess"
        }, 
     {
            "korword" : "소녀",
            "engword" : "Young girl",
            "unlock" : "小"
        }, 
     {
            "korword" : "자녀",
            "engword" : "Sons and daughters"
        }]
 },
 {
   "korean": "소",
   "hanja": "小",
   "english": "Small",
   "words": [ 
        {
            "korword" : "소규모",
            "engword" : "Small scale"
        }, 
     {
            "korword" : "소인",
            "engword" : "A child/Small Person"
        }, 
     {
            "korword" : "최소 [最]",
            "engword" : "Minimum"
        }, 
     {
            "korword" : "소도시",
            "engword" : "Small city"
        }, 
     {
            "korword" : "축소하다",
            "engword" : "To minimize"
        }, 
     {
            "korword" : "중소기업",
            "engword" : "Small/medium sized business"
        }]
 },
 {
   "korean": "최",
   "hanja": "最",
   "english": "Most",
   "words": [ 
        {
            "korword" : "최소",
            "engword" : "Least"
        }, 
     {
            "korword" : "최고",
            "engword" : "Best"
        }, 
     {
            "korword" : "최대 [大]",
            "engword" : "Most"
        }, 
     {
            "korword" : "최소",
            "engword" : "Best"
        }, 
     {
            "korword" : "최근",
            "engword" : "Recent"
        }, 
     {
            "korword" : "최저",
            "engword" : "Lowest"
        }, 
     {
            "korword" : "최악",
            "engword" : "Highest"
        }]
 },
 {
   "korean": "대",
   "hanja": "大",
   "english": "Big",
   "words": [ 
        {
            "korword" : "대도시",
            "engword" : "Big City"
        }, 
     {
            "korword" : "대통령",
            "engword" : "President" 
        }, 
     {
            "korword" : "최대한",
            "engword" : "Maximum"
        }, 
     {
            "korword" : "대학교",
            "engword" : "University",
            "unlock" : "敎"
        }, 
     {
            "korword" : "대다수",
            "engword" : "Vast Majority"
        }, 
     {
            "korword" : "대한민국",
            "engword" : "Republic of Korea"
        }, 
     {
            "korword" : "대문자",
            "engword" : "Uppercase letter"
        }, 
     {
            "korword" : "대명사",
            "engword" : "Proper noun"
        }, 
     {
            "korword" : "확대하다",
            "engword" : "Zoom"
        }, 
     {
            "korword" : "대학생",
            "engword" : "University"
        }]
 },
 {
   "korean": "교",
   "hanja": "校",
   "english": "School",
   "words": [ 
        {
            "korword" : "여학교",
            "engword" : "Girl's school"
        }, 
     {
            "korword" : "남학교",
            "engword" : "Boy's school"
        }, 
     {
            "korword" : "학교 [學]",
            "engword" : "School"
        }, 
     {
            "korword" : "대학교",
            "engword" : "University"
        }, 
     {
            "korword" : "중학교",
            "engword" : "Middle school"
        }, 
     {
            "korword" : "교장선생님",
            "engword" : "Principle"
        }, 
     {
            "korword" : "교육",
            "engword" : "Education"
        }, 
     {
            "korword" : "교복",
            "engword" : "School uniform"
        }]
 },
 {
   "korean": "학",
   "hanja": "學",
   "english": "Learn/School",
   "words": [ 
        {
            "korword" : "학교",
            "engword" : "School"
        }, 
     {
            "korword" : "학생",
            "engword" : "Student"
        }, 
     {
            "korword" : "과학",
            "engword" : "Science"
        }, 
     {
            "korword" : "수학",
            "engword" : "Mathematics"
        }, 
     {
            "korword" : "고등학교",
            "engword" : "High school"
        }, 
     {
            "korword" : "중학교 [中]",
            "engword" : "Middle school"
        }, 
     {
            "korword" : "대학생",
            "engword" : "University student"
        }, 
     {
            "korword" : "방학",
            "engword" : "School vacation"
        }, 
     {
            "korword" : "장학금",
            "engword" : "Scholarship"
        }, 
     {
            "korword" : "학원",
            "engword" : "Study academy"
        }, 
     {
            "korword" : "학자",
            "engword" : "Scholar"
        }, 
     {
            "korword" : "학년",
            "engword" : "Grade/school year"
        }]
 },
 {
   "korean": "중",
   "hanja": "中",
   "english": "Middle",
   "words": [ 
        {
            "korword" : "중학교",
            "engword" : "Middle school"
        }, 
     {
            "korword" : "중앙",
            "engword" : "Center/middle"
        }, 
     {
            "korword" : "중급",
            "engword" : "Intermediate/middle level"
        }, 
     {
            "korword" : "중국 [國]",
            "engword" : "China"
        }]
 },
 {
   "korean": "국",
   "hanja": "國",
   "english": "Country",
   "words": [ 
        {
            "korword" : "한국",
            "engword" : "Korea"
        }, 
     {
            "korword" : "중국",
            "engword" : "China"
        }, 
     {
            "korword" : "천국",
            "engword" : "Heaven"
        }, 
     {
            "korword" : "국제",
            "engword" : "International"
        }, 
     {
            "korword" : "모국",
            "engword" : "Homeland/motherland"
        }, 
     {
            "korword" : "모국어",
            "engword" : "Mother tongue"
        }, 
     {
            "korword" : "외국인 [外]",
            "engword" : "Foreigner"
        }, 
     {
            "korword" : "국내",
            "engword" : "Inside a country"
        }, 
     {
            "korword" : "외국",
            "engword" : "Foreign country"
        }]
 },
 {
   "korean": "외",
   "hanja": "外",
   "english": "Outside",
   "words": [ 
        {
            "korword" : "해외",
            "engword" : "Foreign country"
        }, 
     {
            "korword" : "외국",
            "engword" : "Foreign"
        }, 
     {
            "korword" : "외국인 [人]",
            "engword" : "Foreigner"
        }, 
     {
            "korword" : "외부",
            "engword" : "The exterior"
        }, 
     {
            "korword" : "과외",
            "engword" : "Outside school tutoring"
        }, 
     {
            "korword" : "제외하다",
            "engword" : "Except"
        }]
 },
 {
   "korean": "인",
   "hanja": "人",
   "english": "Person",
   "words": [ 
        {
            "korword" : "외국인",
            "engword" : "Foreigner"
        }, 
     {
            "korword" : "개인",
            "engword" : "Personal"
        }, 
     {
            "korword" : "시인",
            "engword" : "Poet"
        }, 
     {
            "korword" : "한국인 [韓]",
            "engword" : "Korean person"
        }, 
     {
            "korword" : "부인",
            "engword" : "Wife"
        }, 
     {
            "korword" : "소인",
            "engword" : "Child"
        }, 
     {
            "korword" : "인간",
            "engword" : "Humankind"
        }, 
     {
            "korword" : "인기",
            "engword" : "Popularity"
        }, 
     {
            "korword" : "인사",
            "engword" : "Greeting"
        }]
 },
 {
   "korean": "한",
   "hanja": "韓",
   "english": "Korea",
   "words": [ 
        {
            "korword" : "한국",
            "engword" : "Korea"
        }, 
     {
            "korword" : "대한민국",
            "engword" : "Republic of Korea"
        }, 
     {
            "korword" : "한복",
            "engword" : "Traditional Korean suit"
        }, 
     {
            "korword" : "북한",
            "engword" : "North Korea"
        }, 
     {
            "korword" : "한국인",
            "engword" : "Korean person"
        }, 
     {
            "korword" : "한국어 [語]",
            "engword" : "Korean language"
        }]
 },
 {
   "korean": "어",
   "hanja": "語",
   "english": "Language",
   "words": [ 
        {
            "korword" : "언어",
            "engword" : "Language"
        }, 
     {
            "korword" : "영어",
            "engword" : "English"
        }, 
     {
            "korword" : "단어",
            "engword" : "Word"
        }, 
     {
            "korword" : "어휘",
            "engword" : "Vocabulary"
        }, 
     {
            "korword" : "동의어",
            "engword" : "Synonym"
        }, 
     {
            "korword" : "반의어 [反]",
            "engword" : "Antonym"
        }, 
     {
            "korword" : "어원학",
            "engword" : "Etymology"
        }]
 },
 {
   "korean": "반",
   "hanja": "反",
   "english": "Opposite",
   "words": [ 
        {
            "korword" : "반대",
            "engword" : "Opposite/reverse"
        }, 
     {
            "korword" : "반대편",
            "engword" : "Opposite side"
        }, 
     {
            "korword" : "반의어",
            "engword" : "Antonym"
        }, 
     {
            "korword" : "반대방향",
            "engword" : "Opposite direction"
        }, 
     {
            "korword" : "반복하다",
            "engword" : "On repeat"
        }, 
     {
            "korword" : "반면에",
            "engword" : "On the other hand"
        }, 
     {
            "korword" : "반하다",
            "engword" : "To contrast"
        }, 
     {
            "korword" : "반응",
            "engword" : "Reaction"
        }, 
     {
            "korword" : "반성",
            "engword" : "Self-reflection"
        }, 
     {
            "korword" : "반항",
            "engword" : "Resistance"
        }]
 },
 {
   "korean": "방",
   "hanja": "方",
   "english": "Region, Side",
   "words": [ 
        {
            "korword" : "일방",
            "engword" : "One side"
        }, 
     {
            "korword" : "지방",
            "engword" : "Area/region"
        }, 
     {
            "korword" : "방향",
            "engword" : "Direction"
        }, 
     {
            "korword" : "방법 [法]",
            "engword" : "Method"
        }, 
     {
            "korword" : "방식",
            "engword" : "Method/Way"
        }, 
     {
            "korword" : "사방",
            "engword" : "In every direction"
        }]
 },
 {
   "korean": "법",
   "hanja": "法",
   "english": "Law",
   "words": [ 
        {
            "korword" : "법률",
            "engword" : "Law"
        }, 
     {
            "korword" : "합법",
            "engword" : "Legal"
        }, 
     {
            "korword" : "불법 [不]",
            "engword" : "Illegal"
        }, 
     {
            "korword" : "법원",
            "engword" : "Court"
        }, 
     {
            "korword" : "헌법",
            "engword" : "Constitution"
        }]
 },
 {
   "korean": "불",
   "hanja": "不",
   "english": "Not/non",
   "words": [ 
        {
            "korword" : "불가피하다",
            "engword" : "Unavoidable"
        }, 
     {
            "korword" : "불가능하다",
            "engword" : "Impossible"
        }, 
     {
            "korword" : "부족",
            "engword" : "Deficiency"
        }, 
     {
            "korword" : "불법",
            "engword" : "Illegal"
        }, 
     {
            "korword" : "불편하다",
            "engword" : "Uncomfortable"
        }, 
     {
            "korword" : "불행해다",
            "engword" : "Unhappy"
        }]
 },
 {
   "korean": "능",
   "hanja": "能",
   "english": "Ability",
   "words": [ 
        {
            "korword" : "가능하다",
            "engword" : "To be possible"
        }, 
     {
            "korword" : "불가능하다",
            "engword" : "To be impossible"
        }, 
     {
            "korword" : "가능",
            "engword" : "Function"
        }, 
     {
            "korword" : "능력",
            "engword" : "Ability/skill"
        }, 
     {
            "korword" : "가능",
            "engword" : "Possibility"
        }, 
     {
            "korword" : "무능하다 [無]",
            "engword" : "Incompetant"
        }, 
     {
            "korword" : "수능",
            "engword" : "Korean SAT"
        }]
 },
 {
   "korean": "무",
   "hanja": "無",
   "english": "Without",
   "words": [ 
        {
            "korword" : "무조건",
            "engword" : "Unconditionally"
        }, 
     {
            "korword" : "무료",
            "engword" : "Free"
        }, 
     {
            "korword" : "무의식",
            "engword" : "Unconscious"
        }, 
     {
            "korword" : "무작정",
            "engword" : "Blindly/Without a plan"
        }, 
     {
            "korword" : "무제한",
            "engword" : "Unlimited/Without limit"
        }, 
     {
            "korword" : "무관심",
            "engword" : "Indifferent/Without relation"
        }]
 },
 {
   "korean": "심 ",
   "hanja": "心",
   "english": "Heart/Emotions",
   "words": [ 
        {
            "korword" : "심리",
            "engword" : "Mentality"
        }, 
     {
            "korword" : "심장",
            "engword" : "Heart"
        }, 
     {
            "korword" : "관심이 있다",
            "engword" : "To be interested"
        }, 
     {
            "korword" : "의심",
            "engword" : "Suspicion"
        }, 
     {
            "korword" : "중심",
            "engword" : "The center"
        }, 
     {
            "korword" : "호기심",
            "engword" : "Curiosity"
        }]
 },
 {
   "korean": "문",
   "hanja": "門",
   "english": "Door/Gate",
   "words": [ 
        {
            "korword" : "대문",
            "engword" : "Main Door"
        }, 
     {
            "korword" : "창문",
            "engword" : "Window"
        }, 
     {
            "korword" : "앞문",
            "engword" : "Front Door"
        }, 
     {
            "korword" : "개문하다",
            "engword" : "Open the gate"
        }, 
     {
            "korword" : "입문",
            "engword" : "Introductory"
        }, 
     {
            "korword" : "남문 [入]",
            "engword" : "South Gate"
        }]
 },
 {
   "korean": "입",
   "hanja": "入",
   "english": "Enter/Entrance",
   "words": [ 
        {
            "korword" : "입장하다",
            "engword" : "To enter"
        }, 
     {
            "korword" : "수입하다",
            "engword" : "To import"
        }, 
     {
            "korword" : "입구",
            "engword" : "Entrance"
        }, 
     {
            "korword" : "입원하다",
            "engword" : "To be hospitalized, enter hospital"
        }, 
     {
            "korword" : "입거하다 [口]",
            "engword" : "Dock"
        }]
 },
 {
   "korean": "구 ",
   "hanja": "口",
   "english": "Mouth/Opening",
   "words": [ 
        {
            "korword" : "출구",
            "engword" : "Exit"
        }, 
     {
            "korword" : "입구",
            "engword" : "Entrance"
        }, 
     {
            "korword" : "출입구",
            "engword" : "Entrance/exit"
        }]
 },
 {
   "korean": "상",
   "hanja": "上",
   "english": "High",
   "words": [ 
        {
            "korword" : "인상하다",
            "engword" : "To raise a price"
        }, 
     {
            "korword" : "지상",
            "engword" : "Above ground"
        }, 
     {
            "korword" : "상반기",
            "engword" : "First half"
        }, 
     {
            "korword" : "천상",
            "engword" : "Heaven"
        }, 
     {
            "korword" : "상체",
            "engword" : "Upper body"
        }]
 },
 {
   "korean": "하",
   "hanja": "下",
   "english": "Below",
   "words": [ 
        {
            "korword" : "인하하다",
            "engword" : "To lower a price"
        }, 
     {
            "korword" : "지하",
            "engword" : "Undergroud"
        }, 
     {
            "korword" : "하반기",
            "engword" : "Second Half"
        }, 
     {
            "korword" : "천하",
            "engword" : "World/earth"
        }, 
     {
            "korword" : "하체",
            "engword" : "Lower body"
        }]
 },
 {
   "korean": "일",
   "hanja": "日",
   "english": "Day",
   "words": [ 
        {
            "korword" : "내일",
            "engword" : "Tomorrow"
        }, 
     {
            "korword" : "매일",
            "engword" : "Everyday"
        }, 
     {
            "korword" : "일상",
            "engword" : "Daily life"
        }, 
     {
            "korword" : "일본",
            "engword" : "Japan"
        }, 
     {
            "korword" : "일요일",
            "engword" : "Sunday"
        }, 
     {
            "korword" : "월요일",
            "engword" : "Monday"
        }]
 },
 {
   "korean": "월",
   "hanja": "月",
   "english": "Month",
   "words": [ 
        {
            "korword" : "월급",
            "engword" : "Monthly paycheck"
        }, 
     {
            "korword" : "월세",
            "engword" : "Monthly rent"
        }, 
     {
            "korword" : "세월",
            "engword" : "Time"
        }, 
     {
            "korword" : "매월",
            "engword" : "Every month"
        }, 
     {
            "korword" : "월요일",
            "engword" : "Monday"
        }, 
     {
            "korword" : "1월",
            "engword" : "January"
        }, 
     {
            "korword" : "2월",
            "engword" : "February"
        }, 
     {
            "korword" : "3월",
            "engword" : "March"
        }, 
     {
            "korword" : "4월",
            "engword" : "April"
        }]
 },
 {
   "korean": "년",
   "hanja": "年",
   "english": "Year",
   "words": [ 
        {
            "korword" : "학년",
            "engword" : "School grade"
        }, 
     {
            "korword" : "내년",
            "engword" : "Next year"
        }, 
     {
            "korword" : "작년",
            "engword" : "Last year"
        }, 
     {
            "korword" : "금년",
            "engword" : "This year"
        }, 
     {
            "korword" : "매년",
            "engword" : "Every year"
        }]
 },
 {
   "korean": "원",
   "hanja": "員",
   "english": "Person",
   "words": [ 
        {
            "korword" : "직원",
            "engword" : "Employee"
        }, 
     {
            "korword" : "공무원",
            "engword" : "Government worker"
        }, 
     {
            "korword" : "회원",
            "engword" : "Member e.g, gym member"
        }, 
     {
            "korword" : "사원",
            "engword" : "Staff member"
        }, 
     {
            "korword" : "종업원",
            "engword" : "Employee"
        }, 
     {
            "korword" : "인원",
            "engword" : "Number of people"
        }, 
     {
            "korword" : "연구원",
            "engword" : "Researcher"
        }]
 }]